# Logger: PatternLogger | Started: Wed Oct 15 18:54:27 EDT 2025
fired_at,fired_offset_sec,pattern_name,pattern_type,subpatterns,subpattern_confidences,num_subpatterns,num_events,confidence,nested_event_ids
2025-10-15 18:54:34.910,7.737,EngineOverheat,atomic,[EngineOverheat],[1.0000],1,1,1.0000,[[engine-temp-1_0]]
2025-10-15 18:54:34.922,7.749,EngineOverheat,atomic,[EngineOverheat],[1.0000],1,1,1.0000,[[engine-temp-1_1]]
2025-10-15 18:54:34.923,7.750,EngineOverheat,atomic,[EngineOverheat],[1.0000],1,1,1.0000,[[engine-temp-1_2]]
2025-10-15 18:54:35.410,8.237,EngineOverheat,atomic,[EngineOverheat],[1.0000],1,1,1.0000,[[engine-temp-1_3]]
2025-10-15 18:54:36.300,9.127,EngineOverheat,atomic,[EngineOverheat],[0.8867],1,1,0.8867,[[engine-temp-1_4]]
2025-10-15 18:54:37.187,10.014,EngineOverheat,atomic,[EngineOverheat],[1.0000],1,1,1.0000,[[engine-temp-1_5]]
2025-10-15 18:54:38.090,10.917,EngineOverheat,atomic,[EngineOverheat],[1.0000],1,1,1.0000,[[engine-temp-1_6]]
2025-10-15 18:54:38.978,11.805,EngineOverheat,atomic,[EngineOverheat],[1.0000],1,1,1.0000,[[engine-temp-1_7]]
